{
    "code": 200,
    "msg": {
        "total_detections": 17,
        "avg_accuracy": 94.3,
        "daily_stats": [
            {
                "date": "2025-08-12",
                "totalDetections": 0,
                "successCount": 0,
                "avgAccuracy": 0,
                "maxAccuracy": 0,
                "minAccuracy": 0,
                "mainType": "N/A"
            },
            {
                "date": "2025-08-13",
                "totalDetections": 0,
                "successCount": 0,
                "avgAccuracy": 0,
                "maxAccuracy": 0,
                "minAccuracy": 0,
                "mainType": "N/A"
            },
            {
                "date": "2025-08-14",
                "totalDetections": 0,
                "successCount": 0,
                "avgAccuracy": 0,
                "maxAccuracy": 0,
                "minAccuracy": 0,
                "mainType": "N/A"
            },
            {
                "date": "2025-08-15",
                "totalDetections": 0,
                "successCount": 0,
                "avgAccuracy": 0,
                "maxAccuracy": 0,
                "minAccuracy": 0,
                "mainType": "N/A"
            },
            {
                "date": "2025-08-16",
                "totalDetections": 0,
                "successCount": 0,
                "avgAccuracy": 0,
                "maxAccuracy": 0,
                "minAccuracy": 0,
                "mainType": "N/A"
            },
            {
                "date": "2025-08-17",
                "totalDetections": 0,
                "successCount": 0,
                "avgAccuracy": 0,
                "maxAccuracy": 0,
                "minAccuracy": 0,
                "mainType": "N/A"
            },
            {
                "date": "2025-08-18",
                "totalDetections": 0,
                "successCount": 0,
                "avgAccuracy": 0,
                "maxAccuracy": 0,
                "minAccuracy": 0,
                "mainType": "N/A"
            }
        ],
        "type_stats": [
            {
                "detection_type": "image",
                "count": 9,
                "avg_conf": 0.926285121705797
            },
            {
                "detection_type": "canvas",
                "count": 6,
                "avg_conf": 0.9609152741432191
            },
            {
                "detection_type": "video",
                "count": 2,
                "avg_conf": 0.967
            }
        ],
        "char_stats": [
            {
                "recognized_character": "Img/img001-018.png",
                "count": 6,
                "avg_conf": 0.9302610158920288
            },
            {
                "recognized_character": "Img/img001-045.png",
                "count": 5,
                "avg_conf": 0.9996983289718628
            },
            {
                "recognized_character": "u",
                "count": 1,
                "avg_conf": 0.98
            },
            {
                "recognized_character": "j",
                "count": 1,
                "avg_conf": 0.767
            },
            {
                "recognized_character": "b",
                "count": 1,
                "avg_conf": 0.904
            },
            {
                "recognized_character": "a",
                "count": 1,
                "avg_conf": 0.931
            },
            {
                "recognized_character": "W",
                "count": 1,
                "avg_conf": 0.954
            },
            {
                "recognized_character": "8",
                "count": 1,
                "avg_conf": 0.92
            }
        ],
        "date_range": {
            "start_date": "2025-08-12",
            "end_date": "2025-08-19",
            "days": 7
        }
    },
    "data": "获取成功"
}
